"Break","Days Out","Avg Predicted Rating","Avg Absolute Error","Forecast Count"
"15th Street",7.9,1.86,0,2
"15th Street",7.8,1.67,0,3
"15th Street",7.7,1.24,0,2
"15th Street",7.6,1.31,0,2
"15th Street",7.5,1.47,0,3
"15th Street",7.4,1.78,0,2
"15th Street",7.3,1.76,0.095,4
"15th Street",7.2,1.49,0.071,10
"15th Street",7.1,1.45,0.094,12
"15th Street",7,1.39,0.174,18
"15th Street",6.9,1.42,0.214,12
"15th Street",6.8,1.52,0.148,18
"15th Street",6.7,1.62,0.123,12
"15th Street",6.6,1.76,0.178,12
"15th Street",6.5,1.82,0.105,18
"15th Street",6.4,1.85,0.049,12
"15th Street",6.3,1.75,0.035,18
"15th Street",6.2,1.63,0.07,12
"15th Street",6.1,1.56,0.088,12
"15th Street",6,1.48,0.091,18
"15th Street",5.9,1.43,0.165,12
"15th Street",5.8,1.49,0.173,18
"15th Street",5.7,1.57,0.144,12
"15th Street",5.6,1.71,0.187,12
"15th Street",5.5,1.78,0.208,18
"15th Street",5.4,1.83,0.187,12
"15th Street",5.3,1.72,0.129,18
"15th Street",5.2,1.58,0.047,12
"15th Street",5.1,1.6,0.08,12
"15th Street",5,1.53,0.064,18
"15th Street",4.9,1.51,0.084,12
"15th Street",4.8,1.54,0.083,18
"15th Street",4.7,1.69,0.06,12
"15th Street",4.6,1.88,0.066,12
"15th Street",4.5,1.97,0.047,18
"15th Street",4.4,1.95,0.041,12
"15th Street",4.3,1.82,0.054,18
"15th Street",4.2,1.63,0.04,12
"15th Street",4.1,1.59,0.035,12
"15th Street",4,1.57,0.067,18
"15th Street",3.9,1.54,0.063,12
"15th Street",3.8,1.56,0.063,18
"15th Street",3.7,1.72,0.089,12
"15th Street",3.6,1.82,0.128,12
"15th Street",3.5,1.96,0.086,18
"15th Street",3.4,2.02,0.036,12
"15th Street",3.3,1.95,0.067,18
"15th Street",3.2,1.73,0.048,12
"15th Street",3.1,1.6,0.028,12
"15th Street",3,1.49,0.062,18
"15th Street",2.9,1.48,0.085,12
"15th Street",2.8,1.52,0.099,18
"15th Street",2.7,1.67,0.045,12
"15th Street",2.6,1.82,0.064,12
"15th Street",2.5,2,0.073,18
"15th Street",2.4,2.04,0.066,12
"15th Street",2.3,1.95,0.053,18
"15th Street",2.2,1.74,0.018,12
"15th Street",2.1,1.66,0.042,12
"15th Street",2,1.55,0.061,18
"15th Street",1.9,1.48,0.055,12
"15th Street",1.8,1.56,0.058,18
"15th Street",1.7,1.68,0.064,12
"15th Street",1.6,1.79,0.068,12
"15th Street",1.5,1.95,0.061,18
"15th Street",1.4,2.04,0.057,12
"15th Street",1.3,2,0.065,18
"15th Street",1.2,1.71,0.071,12
"15th Street",1.1,1.62,0.014,12
"15th Street",1,1.51,0.028,18
"15th Street",0.9,1.47,0.059,12
"15th Street",0.8,1.54,0.078,18
"15th Street",0.7,1.61,0.106,12
"15th Street",0.6,1.76,0.073,12
"15th Street",0.5,1.87,0.059,18
"15th Street",0.4,1.93,0.08,12
"15th Street",0.3,1.9,0.084,18
"15th Street",0.2,1.67,0.037,12
"15th Street",0.1,1.54,0,12
"15th Street",0,1.48,0,18
"15th Street",-0.1,1.34,0,10
"15th Street",-0.2,1.38,0,10
"15th Street",-0.3,1.53,0,15
"15th Street",-0.4,1.6,0,10
"15th Street",-0.5,1.75,0,15
"15th Street",-0.6,1.87,0,10
"15th Street",-0.7,1.87,0,10
"15th Street",-0.8,1.97,0,6
"Beacons",7.9,1.89,0,2
"Beacons",7.8,1.7,0,3
"Beacons",7.7,1.19,0,2
"Beacons",7.6,1.52,0,2
"Beacons",7.5,1.6,0,3
"Beacons",7.4,1.84,0,2
"Beacons",7.3,1.82,0.138,4
"Beacons",7.2,1.58,0.11,10
"Beacons",7.1,1.58,0.108,12
"Beacons",7,1.47,0.153,18
"Beacons",6.9,1.47,0.146,12
"Beacons",6.8,1.55,0.087,18
"Beacons",6.7,1.69,0.084,12
"Beacons",6.6,1.86,0.131,12
"Beacons",6.5,1.97,0.15,18
"Beacons",6.4,1.99,0.131,12
"Beacons",6.3,1.87,0.098,18
"Beacons",6.2,1.77,0.108,12
"Beacons",6.1,1.71,0.164,12
"Beacons",6,1.59,0.107,18
"Beacons",5.9,1.52,0.133,12
"Beacons",5.8,1.56,0.121,18
"Beacons",5.7,1.65,0.129,12
"Beacons",5.6,1.82,0.155,12
"Beacons",5.5,1.98,0.172,18
"Beacons",5.4,1.97,0.141,12
"Beacons",5.3,1.87,0.141,18
"Beacons",5.2,1.73,0.117,12
"Beacons",5.1,1.71,0.107,12
"Beacons",5,1.59,0.082,18
"Beacons",4.9,1.45,0.097,12
"Beacons",4.8,1.5,0.091,18
"Beacons",4.7,1.69,0.102,12
"Beacons",4.6,1.9,0.088,12
"Beacons",4.5,2.01,0.054,18
"Beacons",4.4,2.02,0.056,12
"Beacons",4.3,1.96,0.089,18
"Beacons",4.2,1.78,0.065,12
"Beacons",4.1,1.68,0.054,12
"Beacons",4,1.62,0.088,18
"Beacons",3.9,1.54,0.084,12
"Beacons",3.8,1.53,0.103,18
"Beacons",3.7,1.71,0.077,12
"Beacons",3.6,1.84,0.148,12
"Beacons",3.5,2.05,0.066,18
"Beacons",3.4,2.09,0.044,12
"Beacons",3.3,2.04,0.096,18
"Beacons",3.2,1.87,0.044,12
"Beacons",3.1,1.7,0.051,12
"Beacons",3,1.59,0.047,18
"Beacons",2.9,1.54,0.061,12
"Beacons",2.8,1.5,0.122,18
"Beacons",2.7,1.71,0.062,12
"Beacons",2.6,1.88,0.086,12
"Beacons",2.5,2.09,0.093,18
"Beacons",2.4,2.09,0.064,12
"Beacons",2.3,2.1,0.064,18
"Beacons",2.2,1.9,0.049,12
"Beacons",2.1,1.78,0.04,12
"Beacons",2,1.63,0.04,18
"Beacons",1.9,1.53,0.047,12
"Beacons",1.8,1.6,0.07,18
"Beacons",1.7,1.67,0.1,12
"Beacons",1.6,1.85,0.041,12
"Beacons",1.5,2,0.053,18
"Beacons",1.4,2.07,0.082,12
"Beacons",1.3,2.08,0.044,18
"Beacons",1.2,1.82,0.088,12
"Beacons",1.1,1.68,0.059,12
"Beacons",1,1.56,0.043,18
"Beacons",0.9,1.5,0.085,12
"Beacons",0.8,1.55,0.073,18
"Beacons",0.7,1.64,0.086,12
"Beacons",0.6,1.79,0.092,12
"Beacons",0.5,1.92,0.081,18
"Beacons",0.4,2,0.076,12
"Beacons",0.3,1.92,0.093,18
"Beacons",0.2,1.71,0.025,12
"Beacons",0.1,1.61,0,12
"Beacons",0,1.51,0,18
"Beacons",-0.1,1.35,0,10
"Beacons",-0.2,1.4,0,10
"Beacons",-0.3,1.6,0,15
"Beacons",-0.4,1.7,0,10
"Beacons",-0.5,1.81,0,15
"Beacons",-0.6,1.86,0,10
"Beacons",-0.7,1.85,0,10
"Beacons",-0.8,1.96,0,6
"Blacks",7.9,2.04,0,2
"Blacks",7.8,1.83,0,3
"Blacks",7.7,1.33,0,2
"Blacks",7.6,1.44,0,2
"Blacks",7.5,1.44,0,3
"Blacks",7.4,1.82,0,2
"Blacks",7.3,1.82,0.13,4
"Blacks",7.2,1.57,0.125,10
"Blacks",7.1,1.6,0.112,12
"Blacks",7,1.55,0.148,18
"Blacks",6.9,1.55,0.159,12
"Blacks",6.8,1.65,0.177,18
"Blacks",6.7,1.81,0.199,12
"Blacks",6.6,1.94,0.26,12
"Blacks",6.5,1.98,0.199,18
"Blacks",6.4,2.03,0.105,12
"Blacks",6.3,1.9,0.121,18
"Blacks",6.2,1.77,0.133,12
"Blacks",6.1,1.7,0.127,12
"Blacks",6,1.63,0.079,18
"Blacks",5.9,1.57,0.115,12
"Blacks",5.8,1.69,0.148,18
"Blacks",5.7,1.8,0.246,12
"Blacks",5.6,1.94,0.243,12
"Blacks",5.5,2.05,0.204,18
"Blacks",5.4,2.14,0.234,12
"Blacks",5.3,2.02,0.205,18
"Blacks",5.2,1.88,0.123,12
"Blacks",5.1,1.91,0.188,12
"Blacks",5,1.71,0.084,18
"Blacks",4.9,1.61,0.083,12
"Blacks",4.8,1.67,0.127,18
"Blacks",4.7,1.88,0.108,12
"Blacks",4.6,2.14,0.066,12
"Blacks",4.5,2.2,0.038,18
"Blacks",4.4,2.2,0.068,12
"Blacks",4.3,2.07,0.103,18
"Blacks",4.2,1.87,0.05,12
"Blacks",4.1,1.83,0.043,12
"Blacks",4,1.76,0.127,18
"Blacks",3.9,1.75,0.096,12
"Blacks",3.8,1.77,0.087,18
"Blacks",3.7,2.02,0.098,12
"Blacks",3.6,2.14,0.088,12
"Blacks",3.5,2.26,0.077,18
"Blacks",3.4,2.3,0.057,12
"Blacks",3.3,2.22,0.044,18
"Blacks",3.2,1.97,0.052,12
"Blacks",3.1,1.8,0.037,12
"Blacks",3,1.68,0.1,18
"Blacks",2.9,1.64,0.128,12
"Blacks",2.8,1.67,0.104,18
"Blacks",2.7,1.93,0.073,12
"Blacks",2.6,2.02,0.057,12
"Blacks",2.5,2.21,0.058,18
"Blacks",2.4,2.25,0.058,12
"Blacks",2.3,2.22,0.084,18
"Blacks",2.2,2.02,0.058,12
"Blacks",2.1,1.87,0.09,12
"Blacks",2,1.75,0.082,18
"Blacks",1.9,1.64,0.102,12
"Blacks",1.8,1.69,0.121,18
"Blacks",1.7,1.92,0.086,12
"Blacks",1.6,2,0.084,12
"Blacks",1.5,2.17,0.071,18
"Blacks",1.4,2.26,0.048,12
"Blacks",1.3,2.19,0.081,18
"Blacks",1.2,1.93,0.068,12
"Blacks",1.1,1.82,0.06,12
"Blacks",1,1.7,0.048,18
"Blacks",0.9,1.66,0.104,12
"Blacks",0.8,1.72,0.134,18
"Blacks",0.7,1.85,0.191,12
"Blacks",0.6,2.03,0.132,12
"Blacks",0.5,2.11,0.098,18
"Blacks",0.4,2.11,0.113,12
"Blacks",0.3,2.03,0.156,18
"Blacks",0.2,1.88,0.028,12
"Blacks",0.1,1.73,0,12
"Blacks",0,1.62,0,18
"Blacks",-0.1,1.49,0,10
"Blacks",-0.2,1.52,0,10
"Blacks",-0.3,1.75,0,15
"Blacks",-0.4,1.85,0,10
"Blacks",-0.5,1.97,0,15
"Blacks",-0.6,2.08,0,10
"Blacks",-0.7,2.1,0,10
"Blacks",-0.8,2.29,0,6
"Cardiff Reef",7.9,2.3,0,2
"Cardiff Reef",7.8,2.03,0,3
"Cardiff Reef",7.7,1.31,0,2
"Cardiff Reef",7.6,1.6,0,2
"Cardiff Reef",7.5,1.76,0,3
"Cardiff Reef",7.4,2.11,0,2
"Cardiff Reef",7.3,2.1,0.113,4
"Cardiff Reef",7.2,1.83,0.145,10
"Cardiff Reef",7.1,1.81,0.126,12
"Cardiff Reef",7,1.65,0.161,18
"Cardiff Reef",6.9,1.63,0.213,12
"Cardiff Reef",6.8,1.74,0.153,18
"Cardiff Reef",6.7,1.89,0.06,12
"Cardiff Reef",6.6,2.09,0.141,12
"Cardiff Reef",6.5,2.22,0.184,18
"Cardiff Reef",6.4,2.19,0.093,12
"Cardiff Reef",6.3,2.14,0.079,18
"Cardiff Reef",6.2,2.04,0.124,12
"Cardiff Reef",6.1,1.95,0.161,12
"Cardiff Reef",6,1.77,0.104,18
"Cardiff Reef",5.9,1.63,0.136,12
"Cardiff Reef",5.8,1.73,0.123,18
"Cardiff Reef",5.7,1.83,0.132,12
"Cardiff Reef",5.6,2,0.154,12
"Cardiff Reef",5.5,2.17,0.242,18
"Cardiff Reef",5.4,2.15,0.183,12
"Cardiff Reef",5.3,2.08,0.122,18
"Cardiff Reef",5.2,1.94,0.097,12
"Cardiff Reef",5.1,1.93,0.128,12
"Cardiff Reef",5,1.69,0.109,18
"Cardiff Reef",4.9,1.57,0.103,12
"Cardiff Reef",4.8,1.63,0.086,18
"Cardiff Reef",4.7,1.84,0.111,12
"Cardiff Reef",4.6,2.12,0.072,12
"Cardiff Reef",4.5,2.21,0.071,18
"Cardiff Reef",4.4,2.22,0.073,12
"Cardiff Reef",4.3,2.19,0.093,18
"Cardiff Reef",4.2,1.98,0.07,12
"Cardiff Reef",4.1,1.87,0.038,12
"Cardiff Reef",4,1.73,0.073,18
"Cardiff Reef",3.9,1.64,0.083,12
"Cardiff Reef",3.8,1.65,0.133,18
"Cardiff Reef",3.7,1.87,0.098,12
"Cardiff Reef",3.6,2.06,0.171,12
"Cardiff Reef",3.5,2.25,0.099,18
"Cardiff Reef",3.4,2.28,0.083,12
"Cardiff Reef",3.3,2.26,0.106,18
"Cardiff Reef",3.2,2.1,0.058,12
"Cardiff Reef",3.1,1.92,0.055,12
"Cardiff Reef",3,1.71,0.061,18
"Cardiff Reef",2.9,1.63,0.127,12
"Cardiff Reef",2.8,1.6,0.127,18
"Cardiff Reef",2.7,1.89,0.084,12
"Cardiff Reef",2.6,2.15,0.108,12
"Cardiff Reef",2.5,2.3,0.077,18
"Cardiff Reef",2.4,2.29,0.046,12
"Cardiff Reef",2.3,2.33,0.056,18
"Cardiff Reef",2.2,2.11,0.018,12
"Cardiff Reef",2.1,1.99,0.043,12
"Cardiff Reef",2,1.77,0.068,18
"Cardiff Reef",1.9,1.61,0.033,12
"Cardiff Reef",1.8,1.71,0.097,18
"Cardiff Reef",1.7,1.88,0.123,12
"Cardiff Reef",1.6,2.11,0.057,12
"Cardiff Reef",1.5,2.29,0.059,18
"Cardiff Reef",1.4,2.36,0.093,12
"Cardiff Reef",1.3,2.38,0.059,18
"Cardiff Reef",1.2,2.14,0.086,12
"Cardiff Reef",1.1,1.97,0.042,12
"Cardiff Reef",1,1.78,0.046,18
"Cardiff Reef",0.9,1.64,0.065,12
"Cardiff Reef",0.8,1.72,0.077,18
"Cardiff Reef",0.7,1.88,0.177,12
"Cardiff Reef",0.6,2.11,0.139,12
"Cardiff Reef",0.5,2.22,0.095,18
"Cardiff Reef",0.4,2.23,0.043,12
"Cardiff Reef",0.3,2.22,0.085,18
"Cardiff Reef",0.2,1.98,0.011,12
"Cardiff Reef",0.1,1.86,0,12
"Cardiff Reef",0,1.68,0,18
"Cardiff Reef",-0.1,1.4,0,10
"Cardiff Reef",-0.2,1.44,0,10
"Cardiff Reef",-0.3,1.74,0,15
"Cardiff Reef",-0.4,1.93,0,10
"Cardiff Reef",-0.5,2.05,0,15
"Cardiff Reef",-0.6,2.12,0,10
"Cardiff Reef",-0.7,2.06,0,10
"Cardiff Reef",-0.8,2.25,0,6
"Grandview",7.9,1.62,0,2
"Grandview",7.8,1.46,0,3
"Grandview",7.7,1,0,2
"Grandview",7.6,1.36,0,2
"Grandview",7.5,1.52,0,3
"Grandview",7.4,1.69,0,2
"Grandview",7.3,1.67,0.128,4
"Grandview",7.2,1.39,0.135,10
"Grandview",7.1,1.36,0.178,12
"Grandview",7,1.31,0.142,18
"Grandview",6.9,1.32,0.17,12
"Grandview",6.8,1.39,0.098,18
"Grandview",6.7,1.56,0.066,12
"Grandview",6.6,1.74,0.094,12
"Grandview",6.5,1.8,0.189,18
"Grandview",6.4,1.75,0.119,12
"Grandview",6.3,1.66,0.096,18
"Grandview",6.2,1.57,0.078,12
"Grandview",6.1,1.5,0.084,12
"Grandview",6,1.4,0.108,18
"Grandview",5.9,1.32,0.139,12
"Grandview",5.8,1.39,0.096,18
"Grandview",5.7,1.48,0.138,12
"Grandview",5.6,1.61,0.167,12
"Grandview",5.5,1.8,0.223,18
"Grandview",5.4,1.81,0.131,12
"Grandview",5.3,1.65,0.086,18
"Grandview",5.2,1.57,0.075,12
"Grandview",5.1,1.56,0.093,12
"Grandview",5,1.43,0.064,18
"Grandview",4.9,1.36,0.061,12
"Grandview",4.8,1.36,0.079,18
"Grandview",4.7,1.47,0.079,12
"Grandview",4.6,1.75,0.089,12
"Grandview",4.5,1.84,0.056,18
"Grandview",4.4,1.84,0.071,12
"Grandview",4.3,1.77,0.076,18
"Grandview",4.2,1.57,0.063,12
"Grandview",4.1,1.5,0.031,12
"Grandview",4,1.39,0.038,18
"Grandview",3.9,1.4,0.058,12
"Grandview",3.8,1.38,0.122,18
"Grandview",3.7,1.52,0.063,12
"Grandview",3.6,1.69,0.122,12
"Grandview",3.5,1.84,0.075,18
"Grandview",3.4,1.89,0.058,12
"Grandview",3.3,1.83,0.071,18
"Grandview",3.2,1.67,0.058,12
"Grandview",3.1,1.49,0.031,12
"Grandview",3,1.37,0.03,18
"Grandview",2.9,1.33,0.064,12
"Grandview",2.8,1.35,0.084,18
"Grandview",2.7,1.51,0.074,12
"Grandview",2.6,1.66,0.095,12
"Grandview",2.5,1.84,0.054,18
"Grandview",2.4,1.86,0.058,12
"Grandview",2.3,1.84,0.054,18
"Grandview",2.2,1.65,0.043,12
"Grandview",2.1,1.57,0.074,12
"Grandview",2,1.42,0.069,18
"Grandview",1.9,1.34,0.058,12
"Grandview",1.8,1.4,0.1,18
"Grandview",1.7,1.46,0.107,12
"Grandview",1.6,1.66,0.065,12
"Grandview",1.5,1.8,0.038,18
"Grandview",1.4,1.85,0.076,12
"Grandview",1.3,1.91,0.037,18
"Grandview",1.2,1.63,0.06,12
"Grandview",1.1,1.5,0.038,12
"Grandview",1,1.37,0.046,18
"Grandview",0.9,1.32,0.054,12
"Grandview",0.8,1.37,0.074,18
"Grandview",0.7,1.44,0.151,12
"Grandview",0.6,1.59,0.131,12
"Grandview",0.5,1.72,0.062,18
"Grandview",0.4,1.8,0.035,12
"Grandview",0.3,1.75,0.092,18
"Grandview",0.2,1.54,0.003,12
"Grandview",0.1,1.42,0,12
"Grandview",0,1.31,0,18
"Grandview",-0.1,1.14,0,10
"Grandview",-0.2,1.16,0,10
"Grandview",-0.3,1.34,0,15
"Grandview",-0.4,1.44,0,10
"Grandview",-0.5,1.57,0,15
"Grandview",-0.6,1.71,0,10
"Grandview",-0.7,1.69,0,10
"Grandview",-0.8,1.75,0,6
"Ocean Beach",7.9,1.57,0,2
"Ocean Beach",7.8,1.25,0,3
"Ocean Beach",7.7,1.16,0,2
"Ocean Beach",7.6,1.21,0,2
"Ocean Beach",7.5,1.24,0,3
"Ocean Beach",7.4,1.49,0,2
"Ocean Beach",7.3,1.64,0.08,4
"Ocean Beach",7.2,1.42,0.12,10
"Ocean Beach",7.1,1.44,0.122,12
"Ocean Beach",7,1.37,0.118,18
"Ocean Beach",6.9,1.36,0.112,12
"Ocean Beach",6.8,1.41,0.195,18
"Ocean Beach",6.7,1.58,0.218,12
"Ocean Beach",6.6,1.66,0.311,12
"Ocean Beach",6.5,1.71,0.211,18
"Ocean Beach",6.4,1.79,0.154,12
"Ocean Beach",6.3,1.69,0.143,18
"Ocean Beach",6.2,1.56,0.16,12
"Ocean Beach",6.1,1.45,0.098,12
"Ocean Beach",6,1.38,0.112,18
"Ocean Beach",5.9,1.37,0.107,12
"Ocean Beach",5.8,1.46,0.146,18
"Ocean Beach",5.7,1.61,0.224,12
"Ocean Beach",5.6,1.69,0.295,12
"Ocean Beach",5.5,1.82,0.275,18
"Ocean Beach",5.4,1.86,0.291,12
"Ocean Beach",5.3,1.78,0.224,18
"Ocean Beach",5.2,1.7,0.115,12
"Ocean Beach",5.1,1.66,0.154,12
"Ocean Beach",5,1.47,0.088,18
"Ocean Beach",4.9,1.44,0.053,12
"Ocean Beach",4.8,1.53,0.09,18
"Ocean Beach",4.7,1.74,0.141,12
"Ocean Beach",4.6,1.95,0.048,12
"Ocean Beach",4.5,1.96,0.079,18
"Ocean Beach",4.4,1.96,0.132,12
"Ocean Beach",4.3,1.88,0.123,18
"Ocean Beach",4.2,1.73,0.057,12
"Ocean Beach",4.1,1.66,0.043,12
"Ocean Beach",4,1.59,0.124,18
"Ocean Beach",3.9,1.56,0.078,12
"Ocean Beach",3.8,1.65,0.081,18
"Ocean Beach",3.7,1.8,0.091,12
"Ocean Beach",3.6,1.92,0.053,12
"Ocean Beach",3.5,2.03,0.107,18
"Ocean Beach",3.4,2.06,0.095,12
"Ocean Beach",3.3,1.98,0.078,18
"Ocean Beach",3.2,1.74,0.036,12
"Ocean Beach",3.1,1.59,0.04,12
"Ocean Beach",3,1.47,0.09,18
"Ocean Beach",2.9,1.45,0.114,12
"Ocean Beach",2.8,1.52,0.086,18
"Ocean Beach",2.7,1.74,0.095,12
"Ocean Beach",2.6,1.91,0.063,12
"Ocean Beach",2.5,1.98,0.076,18
"Ocean Beach",2.4,2,0.095,12
"Ocean Beach",2.3,2.05,0.071,18
"Ocean Beach",2.2,1.83,0.075,12
"Ocean Beach",2.1,1.68,0.024,12
"Ocean Beach",2,1.56,0.068,18
"Ocean Beach",1.9,1.41,0.133,12
"Ocean Beach",1.8,1.46,0.106,18
"Ocean Beach",1.7,1.73,0.086,12
"Ocean Beach",1.6,1.83,0.06,12
"Ocean Beach",1.5,1.98,0.062,18
"Ocean Beach",1.4,1.99,0.093,12
"Ocean Beach",1.3,1.91,0.109,18
"Ocean Beach",1.2,1.7,0.051,12
"Ocean Beach",1.1,1.6,0.047,12
"Ocean Beach",1,1.52,0.043,18
"Ocean Beach",0.9,1.48,0.053,12
"Ocean Beach",0.8,1.52,0.084,18
"Ocean Beach",0.7,1.68,0.158,12
"Ocean Beach",0.6,1.87,0.172,12
"Ocean Beach",0.5,1.91,0.064,18
"Ocean Beach",0.4,1.92,0.134,12
"Ocean Beach",0.3,1.83,0.181,18
"Ocean Beach",0.2,1.68,0.028,12
"Ocean Beach",0.1,1.54,0,12
"Ocean Beach",0,1.49,0,18
"Ocean Beach",-0.1,1.37,0,10
"Ocean Beach",-0.2,1.37,0,10
"Ocean Beach",-0.3,1.59,0,15
"Ocean Beach",-0.4,1.73,0,10
"Ocean Beach",-0.5,1.81,0,15
"Ocean Beach",-0.6,1.92,0,10
"Ocean Beach",-0.7,1.96,0,10
"Ocean Beach",-0.8,2.07,0,6
"Oceanside Harbor",7.9,2.13,0,2
"Oceanside Harbor",7.8,1.91,0,3
"Oceanside Harbor",7.7,1.27,0,2
"Oceanside Harbor",7.6,1.5,0,2
"Oceanside Harbor",7.5,1.61,0,3
"Oceanside Harbor",7.4,1.89,0,2
"Oceanside Harbor",7.3,1.96,0.093,4
"Oceanside Harbor",7.2,1.82,0.067,10
"Oceanside Harbor",7.1,1.75,0.073,12
"Oceanside Harbor",7,1.6,0.105,18
"Oceanside Harbor",6.9,1.57,0.091,12
"Oceanside Harbor",6.8,1.69,0.071,18
"Oceanside Harbor",6.7,1.83,0.143,12
"Oceanside Harbor",6.6,2.05,0.139,12
"Oceanside Harbor",6.5,2.2,0.126,18
"Oceanside Harbor",6.4,2.25,0.063,12
"Oceanside Harbor",6.3,2.16,0.066,18
"Oceanside Harbor",6.2,1.99,0.064,12
"Oceanside Harbor",6.1,1.88,0.094,12
"Oceanside Harbor",6,1.67,0.107,18
"Oceanside Harbor",5.9,1.61,0.072,12
"Oceanside Harbor",5.8,1.7,0.071,18
"Oceanside Harbor",5.7,1.86,0.112,12
"Oceanside Harbor",5.6,2.03,0.108,12
"Oceanside Harbor",5.5,2.11,0.252,18
"Oceanside Harbor",5.4,2.19,0.247,12
"Oceanside Harbor",5.3,2.16,0.139,18
"Oceanside Harbor",5.2,1.97,0.102,12
"Oceanside Harbor",5.1,1.86,0.098,12
"Oceanside Harbor",5,1.63,0.096,18
"Oceanside Harbor",4.9,1.54,0.113,12
"Oceanside Harbor",4.8,1.61,0.048,18
"Oceanside Harbor",4.7,1.81,0.067,12
"Oceanside Harbor",4.6,2.08,0.068,12
"Oceanside Harbor",4.5,2.22,0.053,18
"Oceanside Harbor",4.4,2.2,0.088,12
"Oceanside Harbor",4.3,2.17,0.111,18
"Oceanside Harbor",4.2,1.98,0.058,12
"Oceanside Harbor",4.1,1.86,0.038,12
"Oceanside Harbor",4,1.73,0.09,18
"Oceanside Harbor",3.9,1.65,0.058,12
"Oceanside Harbor",3.8,1.73,0.089,18
"Oceanside Harbor",3.7,1.94,0.118,12
"Oceanside Harbor",3.6,2.08,0.102,12
"Oceanside Harbor",3.5,2.18,0.069,18
"Oceanside Harbor",3.4,2.24,0.048,12
"Oceanside Harbor",3.3,2.25,0.045,18
"Oceanside Harbor",3.2,2.02,0.058,12
"Oceanside Harbor",3.1,1.83,0.059,12
"Oceanside Harbor",3,1.71,0.073,18
"Oceanside Harbor",2.9,1.66,0.065,12
"Oceanside Harbor",2.8,1.65,0.126,18
"Oceanside Harbor",2.7,1.88,0.056,12
"Oceanside Harbor",2.6,2.07,0.098,12
"Oceanside Harbor",2.5,2.22,0.07,18
"Oceanside Harbor",2.4,2.26,0.031,12
"Oceanside Harbor",2.3,2.3,0.065,18
"Oceanside Harbor",2.2,2.09,0.059,12
"Oceanside Harbor",2.1,1.99,0.06,12
"Oceanside Harbor",2,1.78,0.061,18
"Oceanside Harbor",1.9,1.62,0.034,12
"Oceanside Harbor",1.8,1.74,0.103,18
"Oceanside Harbor",1.7,1.92,0.07,12
"Oceanside Harbor",1.6,2.06,0.1,12
"Oceanside Harbor",1.5,2.18,0.066,18
"Oceanside Harbor",1.4,2.24,0.031,12
"Oceanside Harbor",1.3,2.27,0.041,18
"Oceanside Harbor",1.2,2.06,0.052,12
"Oceanside Harbor",1.1,1.89,0.089,12
"Oceanside Harbor",1,1.71,0.045,18
"Oceanside Harbor",0.9,1.66,0.046,12
"Oceanside Harbor",0.8,1.74,0.062,18
"Oceanside Harbor",0.7,1.88,0.091,12
"Oceanside Harbor",0.6,2.14,0.169,12
"Oceanside Harbor",0.5,2.15,0.086,18
"Oceanside Harbor",0.4,2.19,0.086,12
"Oceanside Harbor",0.3,2.12,0.059,18
"Oceanside Harbor",0.2,1.88,0.018,12
"Oceanside Harbor",0.1,1.8,0,12
"Oceanside Harbor",0,1.65,0,18
"Oceanside Harbor",-0.1,1.45,0,10
"Oceanside Harbor",-0.2,1.44,0,10
"Oceanside Harbor",-0.3,1.73,0,15
"Oceanside Harbor",-0.4,1.95,0,10
"Oceanside Harbor",-0.5,1.95,0,15
"Oceanside Harbor",-0.6,2.03,0,10
"Oceanside Harbor",-0.7,2.08,0,10
"Oceanside Harbor",-0.8,2.16,0,6
"Oceanside Pier",7.9,2.12,0,2
"Oceanside Pier",7.8,1.9,0,3
"Oceanside Pier",7.7,1.24,0,2
"Oceanside Pier",7.6,1.46,0,2
"Oceanside Pier",7.5,1.56,0,3
"Oceanside Pier",7.4,1.83,0,2
"Oceanside Pier",7.3,1.94,0.085,4
"Oceanside Pier",7.2,1.81,0.036,10
"Oceanside Pier",7.1,1.72,0.078,12
"Oceanside Pier",7,1.57,0.094,18
"Oceanside Pier",6.9,1.53,0.081,12
"Oceanside Pier",6.8,1.65,0.067,18
"Oceanside Pier",6.7,1.8,0.113,12
"Oceanside Pier",6.6,2.02,0.124,12
"Oceanside Pier",6.5,2.18,0.108,18
"Oceanside Pier",6.4,2.21,0.067,12
"Oceanside Pier",6.3,2.13,0.076,18
"Oceanside Pier",6.2,1.97,0.065,12
"Oceanside Pier",6.1,1.85,0.123,12
"Oceanside Pier",6,1.63,0.099,18
"Oceanside Pier",5.9,1.57,0.075,12
"Oceanside Pier",5.8,1.66,0.066,18
"Oceanside Pier",5.7,1.83,0.109,12
"Oceanside Pier",5.6,2,0.11,12
"Oceanside Pier",5.5,2.06,0.239,18
"Oceanside Pier",5.4,2.15,0.235,12
"Oceanside Pier",5.3,2.09,0.142,18
"Oceanside Pier",5.2,1.91,0.103,12
"Oceanside Pier",5.1,1.81,0.096,12
"Oceanside Pier",5,1.57,0.09,18
"Oceanside Pier",4.9,1.48,0.108,12
"Oceanside Pier",4.8,1.58,0.049,18
"Oceanside Pier",4.7,1.76,0.073,12
"Oceanside Pier",4.6,2.04,0.084,12
"Oceanside Pier",4.5,2.18,0.059,18
"Oceanside Pier",4.4,2.17,0.114,12
"Oceanside Pier",4.3,2.13,0.097,18
"Oceanside Pier",4.2,1.95,0.055,12
"Oceanside Pier",4.1,1.83,0.034,12
"Oceanside Pier",4,1.69,0.087,18
"Oceanside Pier",3.9,1.59,0.044,12
"Oceanside Pier",3.8,1.65,0.096,18
"Oceanside Pier",3.7,1.9,0.116,12
"Oceanside Pier",3.6,2.05,0.101,12
"Oceanside Pier",3.5,2.11,0.077,18
"Oceanside Pier",3.4,2.19,0.055,12
"Oceanside Pier",3.3,2.21,0.048,18
"Oceanside Pier",3.2,1.96,0.056,12
"Oceanside Pier",3.1,1.8,0.055,12
"Oceanside Pier",3,1.66,0.075,18
"Oceanside Pier",2.9,1.61,0.064,12
"Oceanside Pier",2.8,1.6,0.119,18
"Oceanside Pier",2.7,1.83,0.052,12
"Oceanside Pier",2.6,2.01,0.108,12
"Oceanside Pier",2.5,2.18,0.081,18
"Oceanside Pier",2.4,2.2,0.038,12
"Oceanside Pier",2.3,2.26,0.06,18
"Oceanside Pier",2.2,2.07,0.046,12
"Oceanside Pier",2.1,1.97,0.061,12
"Oceanside Pier",2,1.75,0.068,18
"Oceanside Pier",1.9,1.58,0.055,12
"Oceanside Pier",1.8,1.7,0.102,18
"Oceanside Pier",1.7,1.88,0.072,12
"Oceanside Pier",1.6,2.02,0.095,12
"Oceanside Pier",1.5,2.15,0.073,18
"Oceanside Pier",1.4,2.23,0.058,12
"Oceanside Pier",1.3,2.25,0.042,18
"Oceanside Pier",1.2,2.06,0.052,12
"Oceanside Pier",1.1,1.89,0.097,12
"Oceanside Pier",1,1.69,0.047,18
"Oceanside Pier",0.9,1.63,0.038,12
"Oceanside Pier",0.8,1.72,0.066,18
"Oceanside Pier",0.7,1.85,0.071,12
"Oceanside Pier",0.6,2.08,0.128,12
"Oceanside Pier",0.5,2.12,0.092,18
"Oceanside Pier",0.4,2.16,0.088,12
"Oceanside Pier",0.3,2.1,0.071,18
"Oceanside Pier",0.2,1.87,0.019,12
"Oceanside Pier",0.1,1.78,0,12
"Oceanside Pier",0,1.63,0,18
"Oceanside Pier",-0.1,1.4,0,10
"Oceanside Pier",-0.2,1.4,0,10
"Oceanside Pier",-0.3,1.7,0,15
"Oceanside Pier",-0.4,1.94,0,10
"Oceanside Pier",-0.5,1.93,0,15
"Oceanside Pier",-0.6,2,0,10
"Oceanside Pier",-0.7,2.04,0,10
"Oceanside Pier",-0.8,2.14,0,6
"Pipes",7.9,1.87,0,2
"Pipes",7.8,1.68,0,3
"Pipes",7.7,1.14,0,2
"Pipes",7.6,1.47,0,2
"Pipes",7.5,1.6,0,3
"Pipes",7.4,1.85,0,2
"Pipes",7.3,1.8,0.118,4
"Pipes",7.2,1.56,0.103,10
"Pipes",7.1,1.54,0.117,12
"Pipes",7,1.43,0.138,18
"Pipes",6.9,1.45,0.175,12
"Pipes",6.8,1.55,0.103,18
"Pipes",6.7,1.67,0.103,12
"Pipes",6.6,1.87,0.113,12
"Pipes",6.5,1.99,0.151,18
"Pipes",6.4,1.97,0.104,12
"Pipes",6.3,1.83,0.109,18
"Pipes",6.2,1.75,0.105,12
"Pipes",6.1,1.68,0.138,12
"Pipes",6,1.57,0.09,18
"Pipes",5.9,1.48,0.123,12
"Pipes",5.8,1.54,0.096,18
"Pipes",5.7,1.66,0.158,12
"Pipes",5.6,1.83,0.186,12
"Pipes",5.5,1.98,0.198,18
"Pipes",5.4,1.96,0.185,12
"Pipes",5.3,1.86,0.154,18
"Pipes",5.2,1.71,0.089,12
"Pipes",5.1,1.71,0.119,12
"Pipes",5,1.56,0.076,18
"Pipes",4.9,1.44,0.073,12
"Pipes",4.8,1.49,0.066,18
"Pipes",4.7,1.67,0.093,12
"Pipes",4.6,1.88,0.125,12
"Pipes",4.5,2,0.085,18
"Pipes",4.4,2.01,0.068,12
"Pipes",4.3,1.93,0.073,18
"Pipes",4.2,1.76,0.063,12
"Pipes",4.1,1.65,0.025,12
"Pipes",4,1.55,0.062,18
"Pipes",3.9,1.52,0.068,12
"Pipes",3.8,1.51,0.109,18
"Pipes",3.7,1.68,0.068,12
"Pipes",3.6,1.81,0.157,12
"Pipes",3.5,2.04,0.068,18
"Pipes",3.4,2.1,0.048,12
"Pipes",3.3,2.01,0.093,18
"Pipes",3.2,1.84,0.058,12
"Pipes",3.1,1.67,0.033,12
"Pipes",3,1.54,0.035,18
"Pipes",2.9,1.51,0.084,12
"Pipes",2.8,1.47,0.105,18
"Pipes",2.7,1.67,0.069,12
"Pipes",2.6,1.85,0.088,12
"Pipes",2.5,2.03,0.081,18
"Pipes",2.4,2.06,0.043,12
"Pipes",2.3,2.05,0.067,18
"Pipes",2.2,1.86,0.072,12
"Pipes",2.1,1.75,0.067,12
"Pipes",2,1.57,0.046,18
"Pipes",1.9,1.49,0.033,12
"Pipes",1.8,1.56,0.079,18
"Pipes",1.7,1.67,0.135,12
"Pipes",1.6,1.85,0.076,12
"Pipes",1.5,2,0.054,18
"Pipes",1.4,2.06,0.056,12
"Pipes",1.3,2.1,0.037,18
"Pipes",1.2,1.8,0.077,12
"Pipes",1.1,1.66,0.037,12
"Pipes",1,1.54,0.038,18
"Pipes",0.9,1.48,0.07,12
"Pipes",0.8,1.56,0.089,18
"Pipes",0.7,1.66,0.162,12
"Pipes",0.6,1.83,0.138,12
"Pipes",0.5,1.91,0.088,18
"Pipes",0.4,1.95,0.064,12
"Pipes",0.3,1.91,0.109,18
"Pipes",0.2,1.69,0.027,12
"Pipes",0.1,1.56,0,12
"Pipes",0,1.48,0,18
"Pipes",-0.1,1.3,0,10
"Pipes",-0.2,1.34,0,10
"Pipes",-0.3,1.53,0,15
"Pipes",-0.4,1.63,0,10
"Pipes",-0.5,1.78,0,15
"Pipes",-0.6,1.89,0,10
"Pipes",-0.7,1.92,0,10
"Pipes",-0.8,1.98,0,6
"Scripps Pier",7.9,1.58,0,2
"Scripps Pier",7.8,1.21,0,3
"Scripps Pier",7.7,1.17,0,2
"Scripps Pier",7.6,1.19,0,2
"Scripps Pier",7.5,1.25,0,3
"Scripps Pier",7.4,1.67,0,2
"Scripps Pier",7.3,1.7,0.055,4
"Scripps Pier",7.2,1.44,0.076,10
"Scripps Pier",7.1,1.42,0.091,12
"Scripps Pier",7,1.34,0.122,18
"Scripps Pier",6.9,1.35,0.144,12
"Scripps Pier",6.8,1.45,0.127,18
"Scripps Pier",6.7,1.53,0.083,12
"Scripps Pier",6.6,1.63,0.146,12
"Scripps Pier",6.5,1.66,0.086,18
"Scripps Pier",6.4,1.73,0.042,12
"Scripps Pier",6.3,1.69,0.055,18
"Scripps Pier",6.2,1.56,0.113,12
"Scripps Pier",6.1,1.46,0.124,12
"Scripps Pier",6,1.37,0.079,18
"Scripps Pier",5.9,1.33,0.071,12
"Scripps Pier",5.8,1.38,0.091,18
"Scripps Pier",5.7,1.44,0.12,12
"Scripps Pier",5.6,1.53,0.148,12
"Scripps Pier",5.5,1.61,0.161,18
"Scripps Pier",5.4,1.65,0.133,12
"Scripps Pier",5.3,1.61,0.106,18
"Scripps Pier",5.2,1.54,0.051,12
"Scripps Pier",5.1,1.49,0.11,12
"Scripps Pier",5,1.4,0.062,18
"Scripps Pier",4.9,1.36,0.063,12
"Scripps Pier",4.8,1.41,0.088,18
"Scripps Pier",4.7,1.53,0.072,12
"Scripps Pier",4.6,1.71,0.064,12
"Scripps Pier",4.5,1.75,0.043,18
"Scripps Pier",4.4,1.75,0.063,12
"Scripps Pier",4.3,1.72,0.057,18
"Scripps Pier",4.2,1.58,0.043,12
"Scripps Pier",4.1,1.54,0.023,12
"Scripps Pier",4,1.46,0.057,18
"Scripps Pier",3.9,1.46,0.036,12
"Scripps Pier",3.8,1.5,0.055,18
"Scripps Pier",3.7,1.6,0.077,12
"Scripps Pier",3.6,1.72,0.075,12
"Scripps Pier",3.5,1.78,0.087,18
"Scripps Pier",3.4,1.79,0.095,12
"Scripps Pier",3.3,1.82,0.063,18
"Scripps Pier",3.2,1.62,0.045,12
"Scripps Pier",3.1,1.52,0.02,12
"Scripps Pier",3,1.42,0.075,18
"Scripps Pier",2.9,1.4,0.088,12
"Scripps Pier",2.8,1.43,0.08,18
"Scripps Pier",2.7,1.62,0.096,12
"Scripps Pier",2.6,1.74,0.048,12
"Scripps Pier",2.5,1.84,0.085,18
"Scripps Pier",2.4,1.84,0.102,12
"Scripps Pier",2.3,1.87,0.067,18
"Scripps Pier",2.2,1.68,0.045,12
"Scripps Pier",2.1,1.57,0.027,12
"Scripps Pier",2,1.47,0.059,18
"Scripps Pier",1.9,1.36,0.123,12
"Scripps Pier",1.8,1.44,0.084,18
"Scripps Pier",1.7,1.58,0.079,12
"Scripps Pier",1.6,1.74,0.047,12
"Scripps Pier",1.5,1.88,0.063,18
"Scripps Pier",1.4,1.85,0.111,12
"Scripps Pier",1.3,1.84,0.088,18
"Scripps Pier",1.2,1.66,0.058,12
"Scripps Pier",1.1,1.59,0.033,12
"Scripps Pier",1,1.5,0.041,18
"Scripps Pier",0.9,1.44,0.07,12
"Scripps Pier",0.8,1.47,0.066,18
"Scripps Pier",0.7,1.59,0.071,12
"Scripps Pier",0.6,1.79,0.078,12
"Scripps Pier",0.5,1.85,0.057,18
"Scripps Pier",0.4,1.81,0.094,12
"Scripps Pier",0.3,1.76,0.124,18
"Scripps Pier",0.2,1.62,0.058,12
"Scripps Pier",0.1,1.52,0,12
"Scripps Pier",0,1.44,0,18
"Scripps Pier",-0.1,1.32,0,10
"Scripps Pier",-0.2,1.32,0,10
"Scripps Pier",-0.3,1.51,0,15
"Scripps Pier",-0.4,1.63,0,10
"Scripps Pier",-0.5,1.7,0,15
"Scripps Pier",-0.6,1.78,0,10
"Scripps Pier",-0.7,1.78,0,10
"Scripps Pier",-0.8,1.89,0,6
"Seaside Reef",7.9,2.1,0,2
"Seaside Reef",7.8,1.88,0,3
"Seaside Reef",7.7,1.28,0,2
"Seaside Reef",7.6,1.58,0,2
"Seaside Reef",7.5,1.74,0,3
"Seaside Reef",7.4,1.98,0,2
"Seaside Reef",7.3,1.95,0.12,4
"Seaside Reef",7.2,1.71,0.123,10
"Seaside Reef",7.1,1.69,0.136,12
"Seaside Reef",7,1.57,0.159,18
"Seaside Reef",6.9,1.57,0.194,12
"Seaside Reef",6.8,1.68,0.121,18
"Seaside Reef",6.7,1.8,0.068,12
"Seaside Reef",6.6,1.98,0.107,12
"Seaside Reef",6.5,2.12,0.149,18
"Seaside Reef",6.4,2.1,0.101,12
"Seaside Reef",6.3,2.01,0.054,18
"Seaside Reef",6.2,1.93,0.1,12
"Seaside Reef",6.1,1.84,0.16,12
"Seaside Reef",6,1.69,0.093,18
"Seaside Reef",5.9,1.57,0.137,12
"Seaside Reef",5.8,1.67,0.119,18
"Seaside Reef",5.7,1.74,0.158,12
"Seaside Reef",5.6,1.9,0.174,12
"Seaside Reef",5.5,2.08,0.197,18
"Seaside Reef",5.4,2.07,0.152,12
"Seaside Reef",5.3,1.98,0.122,18
"Seaside Reef",5.2,1.85,0.075,12
"Seaside Reef",5.1,1.84,0.108,12
"Seaside Reef",5,1.65,0.088,18
"Seaside Reef",4.9,1.55,0.08,12
"Seaside Reef",4.8,1.6,0.082,18
"Seaside Reef",4.7,1.79,0.106,12
"Seaside Reef",4.6,2.02,0.083,12
"Seaside Reef",4.5,2.1,0.067,18
"Seaside Reef",4.4,2.11,0.061,12
"Seaside Reef",4.3,2.06,0.069,18
"Seaside Reef",4.2,1.88,0.053,12
"Seaside Reef",4.1,1.77,0.049,12
"Seaside Reef",4,1.67,0.065,18
"Seaside Reef",3.9,1.61,0.068,12
"Seaside Reef",3.8,1.6,0.12,18
"Seaside Reef",3.7,1.79,0.1,12
"Seaside Reef",3.6,1.95,0.143,12
"Seaside Reef",3.5,2.13,0.096,18
"Seaside Reef",3.4,2.16,0.094,12
"Seaside Reef",3.3,2.12,0.101,18
"Seaside Reef",3.2,1.98,0.051,12
"Seaside Reef",3.1,1.82,0.044,12
"Seaside Reef",3,1.65,0.064,18
"Seaside Reef",2.9,1.6,0.101,12
"Seaside Reef",2.8,1.57,0.116,18
"Seaside Reef",2.7,1.8,0.083,12
"Seaside Reef",2.6,2,0.114,12
"Seaside Reef",2.5,2.15,0.088,18
"Seaside Reef",2.4,2.16,0.043,12
"Seaside Reef",2.3,2.2,0.048,18
"Seaside Reef",2.2,2.01,0.051,12
"Seaside Reef",2.1,1.89,0.049,12
"Seaside Reef",2,1.69,0.044,18
"Seaside Reef",1.9,1.6,0.031,12
"Seaside Reef",1.8,1.67,0.087,18
"Seaside Reef",1.7,1.8,0.157,12
"Seaside Reef",1.6,1.99,0.101,12
"Seaside Reef",1.5,2.14,0.071,18
"Seaside Reef",1.4,2.18,0.088,12
"Seaside Reef",1.3,2.22,0.065,18
"Seaside Reef",1.2,1.98,0.074,12
"Seaside Reef",1.1,1.83,0.041,12
"Seaside Reef",1,1.68,0.039,18
"Seaside Reef",0.9,1.59,0.077,12
"Seaside Reef",0.8,1.67,0.081,18
"Seaside Reef",0.7,1.79,0.174,12
"Seaside Reef",0.6,1.97,0.147,12
"Seaside Reef",0.5,2.07,0.104,18
"Seaside Reef",0.4,2.06,0.069,12
"Seaside Reef",0.3,2.05,0.081,18
"Seaside Reef",0.2,1.83,0.02,12
"Seaside Reef",0.1,1.71,0,12
"Seaside Reef",0,1.59,0,18
"Seaside Reef",-0.1,1.38,0,10
"Seaside Reef",-0.2,1.42,0,10
"Seaside Reef",-0.3,1.66,0,15
"Seaside Reef",-0.4,1.78,0,10
"Seaside Reef",-0.5,1.91,0,15
"Seaside Reef",-0.6,1.98,0,10
"Seaside Reef",-0.7,1.95,0,10
"Seaside Reef",-0.8,2.08,0,6
"Swamis",7.9,2.03,0,2
"Swamis",7.8,1.8,0,3
"Swamis",7.7,1.24,0,2
"Swamis",7.6,1.53,0,2
"Swamis",7.5,1.72,0,3
"Swamis",7.4,1.98,0,2
"Swamis",7.3,1.91,0.135,4
"Swamis",7.2,1.62,0.118,10
"Swamis",7.1,1.62,0.137,12
"Swamis",7,1.52,0.166,18
"Swamis",6.9,1.53,0.202,12
"Swamis",6.8,1.63,0.122,18
"Swamis",6.7,1.78,0.076,12
"Swamis",6.6,1.97,0.104,12
"Swamis",6.5,2.1,0.141,18
"Swamis",6.4,2.06,0.075,12
"Swamis",6.3,1.95,0.062,18
"Swamis",6.2,1.82,0.071,12
"Swamis",6.1,1.75,0.099,12
"Swamis",6,1.63,0.091,18
"Swamis",5.9,1.54,0.148,12
"Swamis",5.8,1.63,0.117,18
"Swamis",5.7,1.71,0.143,12
"Swamis",5.6,1.89,0.173,12
"Swamis",5.5,2.05,0.203,18
"Swamis",5.4,2.06,0.165,12
"Swamis",5.3,1.95,0.124,18
"Swamis",5.2,1.78,0.1,12
"Swamis",5.1,1.78,0.126,12
"Swamis",5,1.62,0.09,18
"Swamis",4.9,1.51,0.087,12
"Swamis",4.8,1.56,0.087,18
"Swamis",4.7,1.77,0.093,12
"Swamis",4.6,1.99,0.062,12
"Swamis",4.5,2.09,0.04,18
"Swamis",4.4,2.11,0.059,12
"Swamis",4.3,2.03,0.084,18
"Swamis",4.2,1.78,0.063,12
"Swamis",4.1,1.7,0.031,12
"Swamis",4,1.63,0.058,18
"Swamis",3.9,1.56,0.068,12
"Swamis",3.8,1.56,0.124,18
"Swamis",3.7,1.75,0.125,12
"Swamis",3.6,1.92,0.16,12
"Swamis",3.5,2.12,0.075,18
"Swamis",3.4,2.13,0.083,12
"Swamis",3.3,2.11,0.099,18
"Swamis",3.2,1.91,0.05,12
"Swamis",3.1,1.73,0.028,12
"Swamis",3,1.6,0.049,18
"Swamis",2.9,1.57,0.098,12
"Swamis",2.8,1.54,0.109,18
"Swamis",2.7,1.76,0.07,12
"Swamis",2.6,1.96,0.087,12
"Swamis",2.5,2.12,0.07,18
"Swamis",2.4,2.14,0.032,12
"Swamis",2.3,2.15,0.062,18
"Swamis",2.2,1.9,0.053,12
"Swamis",2.1,1.79,0.023,12
"Swamis",2,1.65,0.034,18
"Swamis",1.9,1.53,0.029,12
"Swamis",1.8,1.61,0.086,18
"Swamis",1.7,1.74,0.106,12
"Swamis",1.6,1.93,0.079,12
"Swamis",1.5,2.07,0.07,18
"Swamis",1.4,2.18,0.064,12
"Swamis",1.3,2.19,0.065,18
"Swamis",1.2,1.92,0.076,12
"Swamis",1.1,1.77,0.063,12
"Swamis",1,1.64,0.037,18
"Swamis",0.9,1.55,0.071,12
"Swamis",0.8,1.65,0.079,18
"Swamis",0.7,1.78,0.158,12
"Swamis",0.6,1.91,0.156,12
"Swamis",0.5,2.02,0.092,18
"Swamis",0.4,2.08,0.065,12
"Swamis",0.3,2.04,0.115,18
"Swamis",0.2,1.78,0.014,12
"Swamis",0.1,1.66,0,12
"Swamis",0,1.57,0,18
"Swamis",-0.1,1.38,0,10
"Swamis",-0.2,1.41,0,10
"Swamis",-0.3,1.66,0,15
"Swamis",-0.4,1.75,0,10
"Swamis",-0.5,1.85,0,15
"Swamis",-0.6,1.96,0,10
"Swamis",-0.7,1.96,0,10
"Swamis",-0.8,2.04,0,6
"Tamarack",7.9,2,0,2
"Tamarack",7.8,1.82,0,3
"Tamarack",7.7,1.24,0,2
"Tamarack",7.6,1.37,0,2
"Tamarack",7.5,1.54,0,3
"Tamarack",7.4,1.89,0,2
"Tamarack",7.3,1.88,0.088,4
"Tamarack",7.2,1.68,0.081,10
"Tamarack",7.1,1.67,0.065,12
"Tamarack",7,1.51,0.115,18
"Tamarack",6.9,1.48,0.113,12
"Tamarack",6.8,1.59,0.092,18
"Tamarack",6.7,1.72,0.189,12
"Tamarack",6.6,1.84,0.187,12
"Tamarack",6.5,2,0.111,18
"Tamarack",6.4,2.05,0.03,12
"Tamarack",6.3,1.99,0.046,18
"Tamarack",6.2,1.85,0.045,12
"Tamarack",6.1,1.75,0.148,12
"Tamarack",6,1.58,0.098,18
"Tamarack",5.9,1.51,0.056,12
"Tamarack",5.8,1.59,0.078,18
"Tamarack",5.7,1.71,0.157,12
"Tamarack",5.6,1.89,0.161,12
"Tamarack",5.5,2.01,0.222,18
"Tamarack",5.4,2.08,0.223,12
"Tamarack",5.3,1.96,0.103,18
"Tamarack",5.2,1.8,0.112,12
"Tamarack",5.1,1.71,0.112,12
"Tamarack",5,1.53,0.09,18
"Tamarack",4.9,1.47,0.084,12
"Tamarack",4.8,1.53,0.049,18
"Tamarack",4.7,1.73,0.098,12
"Tamarack",4.6,1.96,0.094,12
"Tamarack",4.5,2.08,0.045,18
"Tamarack",4.4,2.07,0.103,12
"Tamarack",4.3,1.98,0.077,18
"Tamarack",4.2,1.78,0.08,12
"Tamarack",4.1,1.66,0.058,12
"Tamarack",4,1.61,0.075,18
"Tamarack",3.9,1.59,0.065,12
"Tamarack",3.8,1.59,0.123,18
"Tamarack",3.7,1.82,0.098,12
"Tamarack",3.6,1.95,0.124,12
"Tamarack",3.5,2.05,0.116,18
"Tamarack",3.4,2.11,0.034,12
"Tamarack",3.3,2.08,0.04,18
"Tamarack",3.2,1.89,0.045,12
"Tamarack",3.1,1.71,0.029,12
"Tamarack",3,1.61,0.054,18
"Tamarack",2.9,1.58,0.07,12
"Tamarack",2.8,1.56,0.127,18
"Tamarack",2.7,1.77,0.038,12
"Tamarack",2.6,1.95,0.063,12
"Tamarack",2.5,2.09,0.062,18
"Tamarack",2.4,2.11,0.066,12
"Tamarack",2.3,2.13,0.053,18
"Tamarack",2.2,1.93,0.044,12
"Tamarack",2.1,1.85,0.072,12
"Tamarack",2,1.65,0.056,18
"Tamarack",1.9,1.52,0.037,12
"Tamarack",1.8,1.63,0.106,18
"Tamarack",1.7,1.79,0.053,12
"Tamarack",1.6,1.9,0.04,12
"Tamarack",1.5,2.04,0.061,18
"Tamarack",1.4,2.1,0.049,12
"Tamarack",1.3,2.08,0.068,18
"Tamarack",1.2,1.89,0.078,12
"Tamarack",1.1,1.76,0.051,12
"Tamarack",1,1.61,0.037,18
"Tamarack",0.9,1.59,0.05,12
"Tamarack",0.8,1.62,0.074,18
"Tamarack",0.7,1.79,0.113,12
"Tamarack",0.6,2,0.079,12
"Tamarack",0.5,2.04,0.078,18
"Tamarack",0.4,2.05,0.088,12
"Tamarack",0.3,1.96,0.112,18
"Tamarack",0.2,1.81,0.005,12
"Tamarack",0.1,1.67,0,12
"Tamarack",0,1.54,0,18
"Tamarack",-0.1,1.39,0,10
"Tamarack",-0.2,1.4,0,10
"Tamarack",-0.3,1.64,0,15
"Tamarack",-0.4,1.88,0,10
"Tamarack",-0.5,1.9,0,15
"Tamarack",-0.6,1.96,0,10
"Tamarack",-0.7,1.93,0,10
"Tamarack",-0.8,1.99,0,6
"Terramar",7.9,1.95,0,2
"Terramar",7.8,1.73,0,3
"Terramar",7.7,1.19,0,2
"Terramar",7.6,1.31,0,2
"Terramar",7.5,1.52,0,3
"Terramar",7.4,1.9,0,2
"Terramar",7.3,1.87,0.093,4
"Terramar",7.2,1.58,0.095,10
"Terramar",7.1,1.6,0.086,12
"Terramar",7,1.44,0.136,18
"Terramar",6.9,1.44,0.118,12
"Terramar",6.8,1.55,0.092,18
"Terramar",6.7,1.7,0.18,12
"Terramar",6.6,1.86,0.162,12
"Terramar",6.5,2,0.099,18
"Terramar",6.4,2.05,0.068,12
"Terramar",6.3,1.92,0.052,18
"Terramar",6.2,1.75,0.042,12
"Terramar",6.1,1.67,0.147,12
"Terramar",6,1.5,0.119,18
"Terramar",5.9,1.48,0.07,12
"Terramar",5.8,1.58,0.094,18
"Terramar",5.7,1.71,0.158,12
"Terramar",5.6,1.91,0.128,12
"Terramar",5.5,2.05,0.227,18
"Terramar",5.4,2.12,0.257,12
"Terramar",5.3,1.96,0.135,18
"Terramar",5.2,1.75,0.111,12
"Terramar",5.1,1.67,0.111,12
"Terramar",5,1.48,0.116,18
"Terramar",4.9,1.42,0.081,12
"Terramar",4.8,1.49,0.058,18
"Terramar",4.7,1.73,0.092,12
"Terramar",4.6,1.98,0.065,12
"Terramar",4.5,2.08,0.052,18
"Terramar",4.4,2.05,0.119,12
"Terramar",4.3,1.96,0.087,18
"Terramar",4.2,1.76,0.115,12
"Terramar",4.1,1.6,0.062,12
"Terramar",4,1.57,0.063,18
"Terramar",3.9,1.54,0.071,12
"Terramar",3.8,1.56,0.139,18
"Terramar",3.7,1.76,0.078,12
"Terramar",3.6,1.95,0.119,12
"Terramar",3.5,2.09,0.077,18
"Terramar",3.4,2.14,0.041,12
"Terramar",3.3,2.11,0.048,18
"Terramar",3.2,1.82,0.041,12
"Terramar",3.1,1.66,0.049,12
"Terramar",3,1.57,0.057,18
"Terramar",2.9,1.53,0.068,12
"Terramar",2.8,1.54,0.138,18
"Terramar",2.7,1.74,0.049,12
"Terramar",2.6,1.92,0.071,12
"Terramar",2.5,2.11,0.05,18
"Terramar",2.4,2.14,0.049,12
"Terramar",2.3,2.14,0.063,18
"Terramar",2.2,1.92,0.087,12
"Terramar",2.1,1.79,0.049,12
"Terramar",2,1.62,0.043,18
"Terramar",1.9,1.49,0.03,12
"Terramar",1.8,1.61,0.115,18
"Terramar",1.7,1.81,0.065,12
"Terramar",1.6,1.91,0.053,12
"Terramar",1.5,2.04,0.033,18
"Terramar",1.4,2.17,0.04,12
"Terramar",1.3,2.11,0.071,18
"Terramar",1.2,1.84,0.086,12
"Terramar",1.1,1.71,0.043,12
"Terramar",1,1.57,0.038,18
"Terramar",0.9,1.55,0.051,12
"Terramar",0.8,1.61,0.098,18
"Terramar",0.7,1.77,0.13,12
"Terramar",0.6,1.93,0.041,12
"Terramar",0.5,2.02,0.079,18
"Terramar",0.4,2.06,0.065,12
"Terramar",0.3,1.98,0.104,18
"Terramar",0.2,1.75,0.014,12
"Terramar",0.1,1.62,0,12
"Terramar",0,1.49,0,18
"Terramar",-0.1,1.36,0,10
"Terramar",-0.2,1.37,0,10
"Terramar",-0.3,1.64,0,15
"Terramar",-0.4,1.85,0,10
"Terramar",-0.5,1.93,0,15
"Terramar",-0.6,2,0,10
"Terramar",-0.7,2,0,10
"Terramar",-0.8,2.1,0,6
"Tourmaline",7.9,1.55,0,2
"Tourmaline",7.8,1.24,0,3
"Tourmaline",7.7,1.2,0,2
"Tourmaline",7.6,1.18,0,2
"Tourmaline",7.5,1.21,0,3
"Tourmaline",7.4,1.47,0,2
"Tourmaline",7.3,1.61,0.053,4
"Tourmaline",7.2,1.41,0.089,10
"Tourmaline",7.1,1.42,0.107,12
"Tourmaline",7,1.34,0.099,18
"Tourmaline",6.9,1.33,0.103,12
"Tourmaline",6.8,1.37,0.125,18
"Tourmaline",6.7,1.5,0.143,12
"Tourmaline",6.6,1.6,0.206,12
"Tourmaline",6.5,1.67,0.109,18
"Tourmaline",6.4,1.73,0.129,12
"Tourmaline",6.3,1.65,0.109,18
"Tourmaline",6.2,1.51,0.128,12
"Tourmaline",6.1,1.42,0.107,12
"Tourmaline",6,1.33,0.081,18
"Tourmaline",5.9,1.31,0.074,12
"Tourmaline",5.8,1.37,0.107,18
"Tourmaline",5.7,1.45,0.182,12
"Tourmaline",5.6,1.51,0.254,12
"Tourmaline",5.5,1.67,0.212,18
"Tourmaline",5.4,1.68,0.23,12
"Tourmaline",5.3,1.63,0.188,18
"Tourmaline",5.2,1.55,0.079,12
"Tourmaline",5.1,1.51,0.098,12
"Tourmaline",5,1.38,0.063,18
"Tourmaline",4.9,1.36,0.048,12
"Tourmaline",4.8,1.44,0.077,18
"Tourmaline",4.7,1.59,0.07,12
"Tourmaline",4.6,1.78,0.048,12
"Tourmaline",4.5,1.85,0.058,18
"Tourmaline",4.4,1.85,0.096,12
"Tourmaline",4.3,1.76,0.103,18
"Tourmaline",4.2,1.62,0.057,12
"Tourmaline",4.1,1.55,0.034,12
"Tourmaline",4,1.5,0.095,18
"Tourmaline",3.9,1.46,0.067,12
"Tourmaline",3.8,1.55,0.089,18
"Tourmaline",3.7,1.64,0.081,12
"Tourmaline",3.6,1.8,0.062,12
"Tourmaline",3.5,1.88,0.067,18
"Tourmaline",3.4,1.94,0.064,12
"Tourmaline",3.3,1.88,0.055,18
"Tourmaline",3.2,1.65,0.043,12
"Tourmaline",3.1,1.53,0.047,12
"Tourmaline",3,1.42,0.081,18
"Tourmaline",2.9,1.36,0.106,12
"Tourmaline",2.8,1.45,0.084,18
"Tourmaline",2.7,1.65,0.088,12
"Tourmaline",2.6,1.79,0.036,12
"Tourmaline",2.5,1.91,0.067,18
"Tourmaline",2.4,1.98,0.066,12
"Tourmaline",2.3,1.98,0.079,18
"Tourmaline",2.2,1.74,0.049,12
"Tourmaline",2.1,1.62,0.027,12
"Tourmaline",2,1.48,0.069,18
"Tourmaline",1.9,1.32,0.116,12
"Tourmaline",1.8,1.4,0.094,18
"Tourmaline",1.7,1.65,0.078,12
"Tourmaline",1.6,1.81,0.043,12
"Tourmaline",1.5,1.91,0.046,18
"Tourmaline",1.4,1.95,0.098,12
"Tourmaline",1.3,1.93,0.068,18
"Tourmaline",1.2,1.69,0.059,12
"Tourmaline",1.1,1.61,0.053,12
"Tourmaline",1,1.5,0.037,18
"Tourmaline",0.9,1.44,0.044,12
"Tourmaline",0.8,1.44,0.058,18
"Tourmaline",0.7,1.59,0.095,12
"Tourmaline",0.6,1.79,0.08,12
"Tourmaline",0.5,1.88,0.05,18
"Tourmaline",0.4,1.89,0.11,12
"Tourmaline",0.3,1.79,0.144,18
"Tourmaline",0.2,1.67,0.018,12
"Tourmaline",0.1,1.54,0,12
"Tourmaline",0,1.47,0,18
"Tourmaline",-0.1,1.32,0,10
"Tourmaline",-0.2,1.32,0,10
"Tourmaline",-0.3,1.54,0,15
"Tourmaline",-0.4,1.65,0,10
"Tourmaline",-0.5,1.73,0,15
"Tourmaline",-0.6,1.82,0,10
"Tourmaline",-0.7,1.87,0,10
"Tourmaline",-0.8,1.99,0,6
"Windansea",7.9,1.63,0,2
"Windansea",7.8,1.35,0,3
"Windansea",7.7,1.28,0,2
"Windansea",7.6,1.4,0,2
"Windansea",7.5,1.5,0,3
"Windansea",7.4,1.75,0,2
"Windansea",7.3,1.8,0.068,4
"Windansea",7.2,1.5,0.106,10
"Windansea",7.1,1.5,0.144,12
"Windansea",7,1.49,0.124,18
"Windansea",6.9,1.5,0.106,12
"Windansea",6.8,1.54,0.174,18
"Windansea",6.7,1.72,0.199,12
"Windansea",6.6,1.84,0.293,12
"Windansea",6.5,1.92,0.161,18
"Windansea",6.4,1.96,0.139,12
"Windansea",6.3,1.72,0.113,18
"Windansea",6.2,1.59,0.14,12
"Windansea",6.1,1.51,0.11,12
"Windansea",6,1.51,0.098,18
"Windansea",5.9,1.52,0.09,12
"Windansea",5.8,1.57,0.13,18
"Windansea",5.7,1.71,0.198,12
"Windansea",5.6,1.87,0.234,12
"Windansea",5.5,1.97,0.281,18
"Windansea",5.4,2,0.228,12
"Windansea",5.3,1.8,0.164,18
"Windansea",5.2,1.72,0.088,12
"Windansea",5.1,1.69,0.123,12
"Windansea",5,1.57,0.074,18
"Windansea",4.9,1.59,0.053,12
"Windansea",4.8,1.64,0.06,18
"Windansea",4.7,1.72,0.113,12
"Windansea",4.6,2.06,0.061,12
"Windansea",4.5,2.12,0.084,18
"Windansea",4.4,2.16,0.108,12
"Windansea",4.3,1.95,0.11,18
"Windansea",4.2,1.75,0.069,12
"Windansea",4.1,1.72,0.031,12
"Windansea",4,1.68,0.072,18
"Windansea",3.9,1.67,0.061,12
"Windansea",3.8,1.76,0.079,18
"Windansea",3.7,1.81,0.083,12
"Windansea",3.6,1.97,0.064,12
"Windansea",3.5,2.14,0.093,18
"Windansea",3.4,2.2,0.087,12
"Windansea",3.3,2.06,0.075,18
"Windansea",3.2,1.78,0.054,12
"Windansea",3.1,1.66,0.058,12
"Windansea",3,1.57,0.091,18
"Windansea",2.9,1.62,0.138,12
"Windansea",2.8,1.66,0.088,18
"Windansea",2.7,1.74,0.063,12
"Windansea",2.6,1.89,0.042,12
"Windansea",2.5,2.1,0.089,18
"Windansea",2.4,2.14,0.069,12
"Windansea",2.3,2.12,0.087,18
"Windansea",2.2,1.82,0.062,12
"Windansea",2.1,1.72,0.034,12
"Windansea",2,1.61,0.064,18
"Windansea",1.9,1.55,0.127,12
"Windansea",1.8,1.61,0.112,18
"Windansea",1.7,1.73,0.086,12
"Windansea",1.6,1.88,0.045,12
"Windansea",1.5,2.08,0.069,18
"Windansea",1.4,2.1,0.12,12
"Windansea",1.3,2.08,0.082,18
"Windansea",1.2,1.77,0.058,12
"Windansea",1.1,1.68,0.044,12
"Windansea",1,1.61,0.036,18
"Windansea",0.9,1.64,0.074,12
"Windansea",0.8,1.7,0.062,18
"Windansea",0.7,1.75,0.115,12
"Windansea",0.6,1.83,0.11,12
"Windansea",0.5,2.01,0.08,18
"Windansea",0.4,2.08,0.093,12
"Windansea",0.3,1.95,0.156,18
"Windansea",0.2,1.76,0.034,12
"Windansea",0.1,1.63,0,12
"Windansea",0,1.59,0,18
"Windansea",-0.1,1.56,0,10
"Windansea",-0.2,1.6,0,10
"Windansea",-0.3,1.72,0,15
"Windansea",-0.4,1.67,0,10
"Windansea",-0.5,1.8,0,15
"Windansea",-0.6,2.04,0,10
"Windansea",-0.7,2.11,0,10
"Windansea",-0.8,2.13,0,6
